{"session":"sound_spiral","sample_rate":48828,"duration":8.196895224051774,"speed_of_sound":342.9996643066406,"array_diameter_m":0.7702022790908813,"dominant_frequency_hz":2348.4169921875,"beam_width_rad":0.16801474741459893,"beam_width_deg":9.626535922813078,"mic_positions":[[-0.06773729622364044,0.0031891686376184225,0.01050977036356926],[-0.053216032683849335,-0.0008258584421128035,0.006582487374544144],[-0.12932060658931732,0.001841169549152255,0.008823220618069172],[-0.09317787736654282,-0.0008491056505590677,0.0074190679006278515],[-0.2694128453731537,0.005079821217805147,0.014213098213076591],[-0.18905174732208252,0.004223030526190996,0.01468604989349842],[-0.047371480613946915,0.04829389601945877,0.006016623228788376],[-0.036575719714164734,0.03669902682304382,0.006863653194159269],[-0.09143810719251633,0.09092195332050323,0.005928740371018648],[-0.0675903931260109,0.06625895202159882,0.006405515130609274],[-0.19075335562229156,0.19012568891048431,0.006539118010550737],[-0.13250450789928436,0.13243865966796875,0.007805590983480215],[0.008561703376471996,0.06953960657119751,0.004358166363090277],[0.002259016502648592,0.05226091668009758,0.00303361052647233],[0.0028799206484109163,0.1282835602760315,-0.0002109247143380344],[0.0036631443072110415,0.09276780486106873,0.00196570111438632],[-0.0019287853501737118,0.26849380135536194,-0.006298074498772621],[0.0001533411123091355,0.18492989242076874,-0.00037511729169636965],[0.051743097603321075,0.04793328791856766,0.0006164016085676849],[0.047666892409324646,0.03691413253545761,-0.002588265109807253],[0.09588916599750519,0.08841732144355774,-0.004294716753065586],[0.07092442363500595,0.06563137471675873,-0.003193317912518978],[0.188243106007576,0.18806634843349457,-0.01924491487443447],[0.1325598806142807,0.1278870552778244,-0.009706106036901474],[0.07861919701099396,-0.003094844054430723,0.0003527927619870752],[0.058092404156923294,0.0003886240010615438,0.0010119654471054673],[0.13303980231285095,-0.0014633851824328303,-0.005983569659292698],[0.09805762767791748,-0.00041417908505536616,-0.0022685888689011335],[0.27730104327201843,-0.0043297428637743,-0.02130100131034851],[0.19001378118991852,-0.00436440110206604,-0.012827863916754723],[0.04987754672765732,-0.04701913520693779,0.00025131087750196457],[0.04021601751446724,-0.038566138595342636,0.0004104033869225532],[0.09640280902385712,-0.09341754019260406,-0.005442771129310131],[0.06750208139419556,-0.06499173492193222,-0.003212105482816696],[0.2025700807571411,-0.19473212957382202,-0.020744290202856064],[0.1360406130552292,-0.13138149678707123,-0.010329780168831348],[0.010553432628512383,-0.072974793612957,0.004201916977763176],[5.756458267569542e-05,-0.05389546975493431,0.003980089910328388],[0.0012285250704735518,-0.12885601818561554,-0.00018635496962815523],[0.001604696037247777,-0.09443191438913345,0.00038525083800777793],[0.003187403315678239,-0.27401474118232727,-0.013814077712595463],[0.002576060127466917,-0.18330909311771393,-0.005064073484390974],[-0.04969882220029831,-0.047525759786367416,0.007006356492638588],[-0.037751976400613785,-0.03771591931581497,0.005838598590344191],[-0.09207283705472946,-0.08848222345113754,0.006665085908025503],[-0.0666394829750061,-0.06558826565742493,0.0058438642881810665],[-0.19600380957126617,-0.17721645534038544,0.009372871369123459],[-0.1343504637479782,-0.12609991431236267,0.00762080866843462]],"trajectory":{"times":[0.0,0.04247095971011282,0.08494191942022564,0.12741287913033844,0.16988383884045127,0.2123547985505641,0.2548257582606769,0.2972967179707897,0.33976767768090255,0.3822386373910154,0.4247095971011282,0.467180556811241,0.5096515165213538,0.5521224762314666,0.5945934359415794,0.6370643956516923,0.6795353553618051,0.7220063150719179,0.7644772747820308,0.8069482344921436,0.8494191942022564,0.8918901539123691,0.934361113622482,0.9768320733325948,1.0193030330427075,1.0617739927528205,1.1042449524629332,1.1467159121730461,1.1891868718831589,1.2316578315932718,1.2741287913033845,1.3165997510134975,1.3590707107236102,1.401541670433723,1.4440126301438359,1.4864835898539486,1.5289545495640615,1.5714255092741742,1.6138964689842872,1.6563674286944,1.6988383884045128,1.7413093481146256,1.7837803078247383,1.8262512675348512,1.868722227244964,1.911193186955077,1.9536641466651896,1.9961351063753026,2.038606066085415,2.081077025795528,2.123547985505641,2.166018945215754,2.2084899049258664,2.2509608646359793,2.2934318243460923,2.335902784056205,2.3783737437663177,2.4208447034764307,2.4633156631865436,2.505786622896656,2.548257582606769,2.590728542316882,2.633199502026995,2.6756704617371074,2.7181414214472204,2.7606123811573333,2.803083340867446,2.8455543005775588,2.8880252602876717,2.9304962199977846,2.972967179707897,3.01543813941801,3.057909099128123,3.1003800588382355,3.1428510185483485,3.1853219782584614,3.2277929379685744,3.270263897678687,3.3127348573888,3.3552058170989127,3.3976767768090257,3.440147736519138,3.482618696229251,3.525089655939364,3.5675606156494766,3.6100315753595895,3.6525025350697025,3.6949734947798154,3.737444454489928,3.779915414200041,3.822386373910154,3.8648573336202663,3.9073282933303792,3.949799253040492,3.992270212750605,4.034741172460718,4.07721213217083,4.119683091880943,4.162154051591056,4.204625011301169,4.247095971011282,4.289566930721395,4.332037890431508,4.374508850141621,4.416979809851733,4.459450769561846,4.501921729271959,4.544392688982072,4.5868636486921845,4.6293346084022975,4.67180556811241,4.7142765278225225,4.756747487532635,4.799218447242748,4.841689406952861,4.884160366662974,4.926631326373087,4.9691022860832,5.011573245793312,5.054044205503425,5.096515165213538,5.138986124923651,5.181457084633764,5.223928044343877,5.26639900405399,5.308869963764102,5.351340923474215,5.393811883184328,5.436282842894441,5.478753802604554,5.521224762314667,5.56369572202478,5.606166681734892,5.648637641445005,5.6911086011551175,5.7335795608652305,5.776050520575343,5.818521480285456,5.860992439995569,5.903463399705681,5.945934359415794,5.988405319125907,6.03087627883602,6.073347238546133,6.115818198256246,6.158289157966359,6.200760117676471,6.243231077386584,6.285702037096697,6.32817299680681,6.370643956516923,6.413114916227036,6.455585875937149,6.498056835647261,6.540527795357374,6.582998755067487,6.6254697147776,6.6679406744877125,6.7104116341978255,6.752882593907938,6.795353553618051,6.837824513328163,6.880295473038276,6.922766432748389,6.965237392458502,7.007708352168615,7.050179311878728,7.092650271588841,7.135121231298953,7.177592191009066,7.220063150719179,7.262534110429292,7.305005070139405,7.347476029849518,7.389946989559631,7.432417949269743,7.474888908979856,7.517359868689969,7.559830828400082,7.602301788110195,7.644772747820308,7.6872437075304205,7.729714667240533,7.7721856269506455,7.8146565866607585,7.857127546370871,7.899598506080984,7.942069465791097,7.98454042550121,8.027011385211322,8.069482344921436,8.111953304631548,8.15442426434166,8.196895224051774],